ticker,published_date,title,summary,source
AAPL,2024-01-02,Apple services demand lifts outlook,Analysts cited resilient App Store and subscription revenue as a positive catalyst.,demo
AAPL,2024-01-03,Apple hardware demand weakens,Investors reacted to softer iPhone channel checks and cautious supplier commentary.,demo
AAPL,2024-01-04,Apple AI update boosts sentiment,New device AI features improved expectations for the next upgrade cycle.,demo
AAPL,2024-01-05,Apple buybacks support shares,Management commentary pointed to strong cash flow and shareholder returns.,demo
AAPL,2024-01-08,Apple valuation pressure returns,Some analysts warned that premium valuation leaves limited room for slower growth.,demo
MSFT,2024-01-02,Microsoft cloud demand remains strong,Enterprise Azure demand and AI workloads supported a positive revenue outlook.,demo
MSFT,2024-01-03,Microsoft AI products expand,New enterprise copilots increased optimism around software monetization.,demo
MSFT,2024-01-04,Microsoft faces cautious guidance,Management noted slower customer optimization trends in some cloud segments.,demo
MSFT,2024-01-05,Microsoft security growth accelerates,Security and productivity software demand improved investor sentiment.,demo
MSFT,2024-01-08,Microsoft raises cloud forecast,Analysts lifted estimates after signs of durable AI infrastructure spending.,demo
NVDA,2024-01-02,Nvidia AI chip demand surges,Data center customers continued ordering high-end accelerators faster than supply.,demo
NVDA,2024-01-03,Nvidia backlog expands again,Channel checks showed strong demand from cloud and enterprise AI buyers.,demo
NVDA,2024-01-04,Nvidia export limits pressure shares,Investors weighed new restrictions that could slow international chip sales.,demo
NVDA,2024-01-05,Nvidia data center sales impress,Revenue expectations improved after another round of bullish analyst checks.,demo
NVDA,2024-01-08,Nvidia guidance beats expectations,Management commentary suggested AI infrastructure demand remains broad based.,demo
GOOGL,2024-01-02,Alphabet ad demand softens,Advertisers remained cautious and search growth expectations moved lower.,demo
GOOGL,2024-01-03,Alphabet cloud margins improve,Cost discipline and better cloud profitability supported a stronger outlook.,demo
GOOGL,2024-01-04,Alphabet AI search tools gain traction,New AI features increased confidence in long-term search engagement.,demo
GOOGL,2024-01-05,Alphabet regulatory pressure weighs,Investors focused on legal risk and possible limits on ad targeting.,demo
GOOGL,2024-01-08,Alphabet advertising recovery improves,Agency checks pointed to healthier digital ad budgets and stable search demand.,demo
AMZN,2024-01-02,Amazon retail margins improve,Fulfillment efficiency and advertising growth lifted sentiment on profitability.,demo
AMZN,2024-01-03,Amazon consumer spending concerns rise,Investors worried that discretionary demand could weaken near-term retail sales.,demo
AMZN,2024-01-04,Amazon cloud demand rebounds,AWS pipeline checks improved after several quarters of customer optimization.,demo
AMZN,2024-01-05,Amazon ad business grows quickly,Higher-margin advertising revenue supported stronger operating income expectations.,demo
AMZN,2024-01-08,Amazon valuation pressure emerges,Analysts warned that expectations may be too high after the recent rally.,demo
META,2024-01-02,Meta ad engagement strengthens,Reels monetization and better targeting improved revenue expectations.,demo
META,2024-01-03,Meta spending concerns weigh,Investors questioned whether AI and metaverse expenses could pressure margins.,demo
META,2024-01-04,Meta cost discipline supports margins,Management continued emphasizing efficiency and expense controls.,demo
META,2024-01-05,Meta AI tools lift advertiser demand,New campaign tools helped advertisers improve conversion performance.,demo
META,2024-01-08,Meta revenue outlook improves,Analysts cited healthy social ad budgets and rising engagement.,demo
TSLA,2024-01-02,Tesla deliveries miss expectations,Investors reacted to softer delivery numbers and rising competition.,demo
TSLA,2024-01-03,Tesla pricing strategy improves demand,Lower prices helped order rates recover in key markets.,demo
TSLA,2024-01-04,Tesla margin pressure persists,Analysts warned that discounting could continue weighing on automotive gross margin.,demo
TSLA,2024-01-05,Tesla energy storage growth accelerates,Storage deployments and software potential improved sentiment.,demo
TSLA,2024-01-08,Tesla recall headlines pressure shares,Investors focused on quality concerns and possible service costs.,demo
